order,rootWord,rootWordId,definition,partOfSpeech
1,أ ل ه,61,Allah,Proper noun
2,ر ب ب,524,the Lord,Noun
3,ع ل م,1016,they know,Noun
4,ق و ل,1245,to say,Verb (form I)
5,ق و م,1246,they stand (still),Active participle (form X) (Adjective)
6,ع ب د,948,to worship,Verb (form I)
7,ر ح م,544,and have mercy on us,Nominal (Adjective)
8,ك ذ ب,1263,"to deny, to lie",Verb (form I)
9,ٱلَّذِى,59,"who, which, that",Nominal (Relative pronoun)
10,ك و ن,1305,to be,Verb (form I)
11,إِلَّا,58,except,Particle (Restriction particle)
12,ه د ي,1547,to guide,Verb (form I)
13,ي و م,1664,(of the) Day,Nominal (Noun)
14,إِلَىٰ,63,"to, toward, until",Preposition
15,ر س ل,555,to send,Verb (form IV)
16,و ق ي,1641,"to save, to protect",Verb (form I)
17,س م و,726,[I] (have) named her,Noun
18,أ ر ض,32,"the Earth, land",Noun
19,ش ي أ,810,"to will, to wish",Verb (form I)
20,ب ي ن,173,to make clear,Verb (form II)
21,أ ي ي,90,Our Signs,Noun
22,ص ر ط,836,(to) the path,Noun
23,ن ذ ر,1456,"to vow, to worn",Verb (form I)
24,ن ز ل,1460,"to send down, to reveal",Verb (form II)
25,ذ ك ر,511,"to remember, to mention",Verb (form I)
26,ك ف ر,1280,to disbelieve,Verb (form I)
27,ك ت ب,1256,"to write, to prescribe, to ordain",Verb (form I)
28,و ل ي,1648,to turn,Verb (form II)
29,ف ض ل,1139,"to bestow, to prefer, to favor",Verb (form II)
30,ض ل ل,891,he went astray (from),Active participle (Noun)
31,أ ت ي,12,"to come, to bring",Verb (form I)
32,ج ع ل,249,to make,Verb (form I)
33,د ي ن,498,they acknowledge,Noun
34,ع ذ ب,968,to punish,Verb (form II)
35,ن و س,1530,the people,Noun
36,ح م د,352,they be praised,Noun
37,ح س ن,321,to do good,Verb (form IV)
38,ن ص ر,1477,to help,Verb (form I)
39,أ خ ذ,21,"to take, to seize",Verb (form I)
40,س م ع,722,"to hear, to listen",Verb (form I)
41,م ل ك,1415,possesses,Active participle
42,ر أ ي,523,to see,Verb (form I)
43,ن ظ ر,1487,"to look, to see",Verb (form I)
44,ف ع ل,1143,to do,Verb (form I)
45,خ و ف,444,"to fear, to be afraid",Verb (form I)
46,و ع د,1626,to promise,Verb (form I)
47,ع ظ م,1005,honors,Nominal (Adjective)
48,خ ل ق,431,to create,Verb (form I)
49,غ ي ر,1095,so they will surely change,Nominal (Noun)
50,أ خ ر,22,"to delay, to stay behind",Verb (form V)
51,ن ه ي,1526,"to refrain, to cease, to desist",Verb (form VIII)
52,ق د م,1183,"to send forth, to offer",Verb (form II)
53,ت و ب,190,"to repent, to turn",Verb (form I)
54,ص ل و,857,praying,Noun
55,ع ز ز,982,and he overpowered me,Nominal (Noun)
56,أ م ر,69,"to order, to command",Verb (form I)
57,أ و ل,85,(the) first,Nominal (Noun)
58,د ع و,474,"to call, to invite, to pray",Verb (form I)
59,غ ي ب,1093,backbite,Noun
60,إِذَا,27,when,Nominal (Time adverb)
61,ر ج ع,536,to return,Verb (form I)
62,ن ع م,1492,to bestow favor,Verb (form IV)
63,م ك ر,1409,"to plot, to scheme, to plan",Verb (form I)
64,ك ث ر,1259,much ,Nominal (Noun)
65,ي د ي,1657,(of) them,Noun
66,ر ز ق,552,to provide,Verb (form I)
67,ك ل ل,1288,(is) a burden,Nominal (Noun)
68,ظ ن ن,944,"to think, to assume, to guess",Verb (form I)
69,ب ع ض,141,some of you,Noun
70,س ج د,659,to prostrate,Verb (form I)
71,س ب ل,656,(of) the way,Noun
72,ت ل و,188,to recite,Verb (form I)
73,ش ك ر,789,"to be grateful, to give thanks",Verb (form I)
74,ن ف س,1500,"self, soul, person, mind",Noun
75,ب ع ث,137,"to raise, to resurrect, to send",Verb (form I)
76,ع ف و,1008,"to forgive, to pardon",Verb (form I)
77,ب ص ر,129,to see,Verb (form IV)
78,د خ ل,461,to enter,Verb (form I)
79,أ ل و,62,"to swear, to vow",Verb (form IV)
80,ظ ل م,942,"to oppress, to wrong",Verb (form I)
81,د و ن,497,other than,Nominal (Noun)
82,ك ر م,1267,You have honored,Nominal (Adjective)
83,و ك ل,1645,to put trust,Verb (form V)
84,أَم,66,or,Coordinating conjunction
85,غ ف ر,1071,to forgive,Verb (form I)
86,ن ف ق,1503,to spend,Verb (form IV)
87,ع م ل,1022,"to do, to work",Verb (form I)
88,غ ن ي,1086,(has) availed,Nominal (Noun)
89,ش ه د,801,"to testify, to bear witness",Verb (form I)
90,إِذ,26,when,Time adverb
91,ف ر ق,1124,to divide,Verb (form I)
92,ب ع د,139,was long,Nominal (Noun)
93,ن ب أ,1434,to inform,Verb (form IV)
94,أ ذ ن,29,to permit,Verb (form I)
95,س و أ,737,it grieves them,Noun
96,ع ق ل,1012,"to understand, to reason",Verb (form I)
97,ح ي ي,381,to give life,Verb (form IV)
98,ع و ن,1041,to seek help,Verb (form X)
99,ع ل ن,1017,"to declare, to reveal, to proclaim",Verb (form IV)
100,ص ل ح,854,"to correct, to reform, to improve, to make peace",Verb (form IV)
101,ق ب ل,1174,to accept,Verb (form I)
102,ن و ر,1529,a fire,Noun
103,ص ح ب,822,can be protected,Noun
104,م ث ل,1369,then he assumed for her the likeness,Nominal (Noun)
105,ت ب ع,176,to follow,Verb (form I)
106,م و ت,1424,to die,Verb (form I)
107,ج م ع,260,We will gather them,Noun
108,ه ز أ,1550,"to mock, to ridicule",Verb (form X)
109,ن ص ب,1474,they are fixed,Noun
110,م د د,1379,"to spread, to extend, to prolong",Verb (form I)
111,م ر ي,1387,dispute,Active participle (form VIII)
112,ج ي أ,281,to come,Verb (form I)
113,ب ن ي,160,they built,Noun
114,ل ق ي,1347,"to receive, to meet",Verb (form I)
115,س و ي,747,"to fashion, to proportion",Verb (form II)
116,ش ع ر,778,"to perceive, to realize",Verb (form I)
117,ل ع ن,1334,to curse,Verb (form I)
118,و ج ه,1592,[I] have turned,Nominal (Noun)
119,أ ل م,60,painful,Adjective
120,س ر ع,682,and they hasten,Nominal (Noun)
121,د ب ر,455,disposing,Noun
122,غ ض ب,1067,and will fall the wrath,Passive participle
123,ف ر ي,1126,to invent,Verb (form VIII)
124,أ ك ل,54,"to eat, to consume",Verb (form I)
125,ش ر ك,771,to associate partners,Verb (form IV)
126,ف ح ش,1110,immorality,Noun
127,ع د د,964,to prepare,Verb (form IV)
128,ص م د,860,"the Eternal, the Absolute",Noun
129,ح و ط,370,"to surround, to encompass",Verb (form IV)
130,ج و ب,273,"to answer, to respond",Verb (form IV)
131,خ ي ر,449,they select,Nominal (Noun)
132,ع ن د,1028,with,Nominal (Location adverb)
133,ق ر ب,1187,"to approach, to go near",Verb (form I)
134,ف ن ن,1156,branches,Noun
135,د ه م,491,Dark green,Active participle (form XI)
136,ص و ب,867,"to strike, to befall, to bestow",Verb (form IV)
137,و ح ي,1595,"to reveal, to inspire",Verb (form IV)
138,ع م ي,1025,so they became blind,Nominal (Noun)
139,س ل ك,716,"to insert, to make enter",Verb (form I)
140,ج ز ي,245,"to reward, to recompense",Verb (form I)
141,ن ش ط,1473,gently,Noun
142,ز م ل,631,who wraps himself,Active participle (form V)
143,ه ز ل,1552,(is) for amusement,Noun
144,س م د,720,amuse (yourselves),Active participle
145,د ث ر,456,who covers himself,Active participle (form V)
146,و ه ب,1650,"to grant, to bestow",Verb (form I)
147,ط ف ف,915,to those who give less,Active participle (form II)
148,س ه ر,733,(will be) awakened,Noun
149,ص م م,862,and they became deaf,Noun
150,ح ف ظ,339,to guard,Verb (form III)
151,ب ح ر,99,the sea,Noun
152,س ق م,703,sick,Noun
153,خ ن س,440,the one who withdraws,Noun
154,ن ج و,1445,"to save, to deliver",Verb (form II)
155,ف ك ك,1149,(It is) freeing,Noun
156,ي ق ن,1660,to believe firmly,Verb (form IV)
157,ح ب ب,284,"to love, to like",Verb (form IV)
158,م و ل,1427,[the] wealth,Noun
159,ك ي ف,1308,How,Nominal (Interogative particle)
160,ق ض ي,1212,"to decree, to decide, to judge",Verb (form I)
161,ق ت ل,1176,to kill,Verb (form I)
162,و ر د,1602,to lead,Verb (form IV)
163,ج ن ن,267,covered,Nominal (Noun)
164,ز ي د,643,to increase,Verb (form I)
165,ح ك م,345,to judge,Verb (form I)
166,ع ر ي,979,to unclothe,Verb (form I)
167,ح ز ن,315,to grieve,Verb (form I)
168,ك ر ه,1268,"to dislike, to hate",Verb (form I)
169,ع ب س,950,to frown,Verb (form I)
170,ك س ب,1269,to earn,Verb (form I)
171,ك ش ف,1275,"to remove, to uncover",Verb (form I)
172,خ ل ف,430,"to break, to fail",Verb (form IV)
173,ث ل ل,207,A company,Noun
174,ن ض ر,1483,radiance,Active participle
175,ن س ي,1469,to forget,Verb (form I)
176,ر ك ع,585,to bow,Verb (form I)
177,خ س ر,406,he (has) lost ,Active participle
178,ل ه ب,1352,the flame,Noun
179,ق ه ر,1240,oppress,Active participle
180,أ ج ر,18,"reward, payment, dowry",Noun
181,ع ر ض,975,"to display, to present, to expose, to turn away",Verb (form I)
182,ق ر ر,1190,"to ratify, to affirm",Verb (form IV)
183,ك أ س,1250,a cup,Noun
184,ل ي س,1363,to not be,Verb (form I)
185,ز ب ن,610,the Angels of Hell,Noun
186,ح ص ل,327,to make apparent,Verb (form II)
187,ب ت ر,93,the one cut off,Noun
188,ن ق ع,1511,dust,Noun
189,ق د ح,1179,striking,Noun
190,ف ن ي,1157,(will) perish,Active participle
191,أ م ن,75,to feel secure,Verb (form I)
192,ب ي ت,169,spend (the) night,Noun
193,ن ض خ,1481,gushing forth,Adjective
194,ح ق ق,344,deserved ,Nominal (Noun)
195,و ج د,1588,to find,Verb (form I)
196,ت ي ن,192,By the fig,Noun
197,ن ك ر,1517,he felt unfamiliar of them,Passive participle (form IV)
198,و ص ي,1620,to enjoin,Verb (form II)
199,ض ب ح,879,panting,Noun
200,م ع ن,1405,[the] small kindnesses,Noun
201,ع ز م,984,"to resolve, to decide, to determine",Verb (form I)
202,و ه ن,1652,to weaken,Verb (form I)
203,ع ر ج,971,to ascend,Verb (form I)
204,ل ب ب,1312,(of) understanding,Noun
205,أ ب د,5,"forever, ever",Time adverb
206,ق و ي,1247,(is) All-Strong,Noun
207,ل ب س,1315,"to obscure, to confuse, to mix, to wear",Verb (form I)
208,ض ع ف,887,"to double, to multiply",Verb (form III)
209,م ر ض,1386,I am ill,Noun
210,ن ط ق,1486,to speak,Verb (form I)
211,خ ر ج,397,"to go out, to come out, to depart, to leave",Verb (form I)
212,م ت ن,1368,(is) firm,Nominal (Noun)
213,ه ل ك,1559,to destroy,Verb (form IV)
214,ج ح م,227,(of) the blazing Fire,Noun
215,ن ف ر,1499,to go forth,Verb (form I)
216,ف ك ه,1150,wondering,Noun
217,ح ي ص,376,any escape,Verbal noun
218,ك ف ي,1283,to be sufficient,Verb (form I)
219,ش د د,762,and harden,Nominal (Noun)
220,ب ر ك,118,We blessed,Passive participle (form III) (Noun)
221,م د ن,1380,the cities,Noun
222,ش ح ن,760,laden,Passive participle
223,ح ز ب,314,(the) party,Noun
224,ح ض ض,331,to feel the urge,Verb (form I)
225,ص د ر,827,will proceed,Noun
226,ق ع د,1218,while they sat,Noun
227,ع س ي,989,to perhaps,Verb (form I)
228,أ ح د,20,"one, anyone",Noun
229,س ب ح,651,"to glorify, to praise",Verb (form II)
230,أ ه ل,82,(the) People,Noun
231,غ ر ق,1057,to drown,Verb (form IV)
232,ز ك و,624,to purify,Verb (form II)
233,ك ن د,1294,(is) surely ungrateful,Noun
234,ن ح ر,1448,to sacrifice,Verb (form I)
235,ط ي ب,936,seems suitable,Nominal (Adjective)
236,ب س ر,122,"to scowl, to frown",Verb (form I)
237,ن ز ف,1459,to be intoxicated,Verb (form IV)
238,و س م,1612,We will brand him,Active participle (form V)
239,أ ز ر,35,strength,Noun
240,ق ط ف,1216,Its clusters of fruits,Noun
241,و س ق,1610,to envelops,Verb (form I)
242,ي م ن,1662,the right,Noun
243,ع ج ب,959,"to please, to impress",Verb (form IV)
244,غ ش و,1064,overcoming,Noun
245,أ م م,72,"leader, guide, record, highway",Noun
246,خ ش ع,409,And (will be) humbled,Active participle
247,ع م ه,1024,to wander blindly,Verb (form I)
248,ش ط ن,776,the Shaitaan,Nominal (Proper noun)
249,ع د و,967,to transgress,Verb (form V)
250,ن د و,1455,And they called one another,Verbal noun (form III)
251,ب س س,123,"to crumble, to crush",Verb (form I)
252,ف س ق,1132,to disobey defiantly,Verb (form I)
253,ق س م,1201,distribute,Noun
254,س ر ر,681,to please,Verb (form I)
255,س ك ن,708,"to dwell, to live, to rest",Verb (form I)
256,ب ع ث ر,138,"to overturn, to scatter",Verb (form I)
257,ر ض و,561,to be pleased,Verb (form I)
258,إِبْرَاهِيم,6,Ibrahim,Proper noun
259,ج ر ز,238,barren,Adjective
260,ر ف ع,573,to raise,Verb (form I)
261,ع ه ن,1033,like wool,Noun
262,ن ص ح,1476,to advise,Verb (form I)
263,ب ش ر,128,to give glad tidings,Verb (form II)
264,س ه و,736,(of) heedlessness,Active participle
265,ط و ع,931,to obey,Verb (form IV)
266,ر ب و,529,"to increase, to make numerous",Verb (form IV)
267,غ ر ب,1054,it set,Noun
268,ت ر ك,182,to leave,Verb (form I)
269,أ ب و,10,"forefathers, fathers, parents",Noun
270,ب ل و,158,to test,Verb (form I)
271,ق ر ن,1195,generations,Noun
272,ن ط ف,1485,a minute quantity of semen,Noun
273,ب ك م,152,dumb,Noun
274,ن ج د,1442,the two ways,Noun
275,ز ج ر,612,and he was repelled,Noun
276,ت ب ر,175,and to destroy,Passive participle (form II)
277,ش أ م,752,(of) the left,Noun
278,م و ر,1426,"to shake, to sway",Verb (form I)
279,د ع ع,473,"to thrust, to repulse",Verb (form I)
280,س ف ل,698,below,Nominal (Adjective)
281,ص ي ح,873,the thunderous blast,Noun
282,و ض ع,1621,"to deliver, to give birth",Verb (form I)
283,إِسْرَائِيل,41,Israel,Proper noun
284,ن س و,1468,your women,Noun
285,ر ب ع,528,forty,Nominal (Noun)
286,ب ر أ,110,to disown,Verb (form V)
287,ف ط ر,1141,to create,Verb (form I)
288,ش ق و,788,"to suffer, to be wretched, to be distressed",Verb (form I)
289,ل ذ ذ,1327,and delights,Adjective
290,س ج ر,660,to burn,Verb (form I)
291,إِلْيَاس,64,Elijah,Proper noun
292,ف ق د,1144,to miss,Verb (form I)
293,ذ ه ب,516,"to go, to take away",Verb (form I)
294,ح ر م,312,"to forbid, to make unlawful",Verb (form II)
295,ر ج ف,537,will quake,Noun
296,غ ل ل,1077,"to defraud, to chain, to shackle",Verb (form I)
297,ص د ع,828,to proclaim,Verb (form I)
298,ث ق ل,205,(will be) heavy,Noun
299,أ ن س,78,you perceive,Noun
300,ط و ف,932,"to walk, to circumambulate",Verb (form V)
301,ن ف ث,1494,(of) the blowers,Noun
302,ط ه ر,928,to purify,Verb (form I)
303,أ ن م,80,for the creatures,Noun
304,ج ه د,269,to strive,Verb (form III)
305,خ ي م,452,the pavilions,Noun
306,ج ي د,283,her neck,Noun
307,ك ف أ,1278,equivalent,Noun
308,خ ف ي,425,"to conceal, to hide",Verb (form IV)
309,م س د,1393,palm-fiber,Noun
310,ح س ب,316,to think,Verb (form I)
311,س ف ع,696,to drag,Verb (form I)
312,خ ف ف,424,to lighten,Verb (form II)
313,ش ر ق,770,And (will) shine,Noun
314,ن ك س,1518,to turn,Verb (form I)
315,ص ل ي,858,to burn,Verb (form I)
316,ذ ن ب,515,for their sins,Noun
317,ع ر ف,976,"to know, to recognize",Verb (form I)
318,ب ق ي,150,to remain,Verb (form I)
319,ب د ل,106,to change,Verb (form II)
320,ر و د,600,"to intend, to desire, to want, to wish",Verb (form IV)
321,ن ب ذ,1436,"to throw, to cast",Verb (form I)
322,غ ر ر,1055,"to deceive, to delude",Verb (form I)
323,س ي ر,750,to travel,Verb (form I)
324,ع ي ش,1044,a life,Noun
325,ق ط ر,1213,all its sides,Noun
326,ح م ل,354,"to carry, to bear",Verb (form I)
327,ق ل ي,1227,He is displeased,Active participle
328,ط ر ف,908,their gaze,Noun
329,ز ن ي,634,commit unlawful sexual intercourse,Verbal noun
330,ب ر م,119,"to determine, to conclude",Verb (form IV)
331,ر ج ج,533,to shake,Verb (form I)
332,ق ن ي,1239,and suffices,Noun
333,خ ر ط م,401,the snout,Noun
334,خ ص م,413,they (were) disputing,Noun
335,و ض ن,1622,decorated,Passive participle
336,غ و ل,1091,(is) bad effect,Noun
337,ق س ر,1197,a lion,Noun
338,ح ل م,349,dreams,Nominal (Adjective)
339,ع ج ل,962,to hurry,Verb (form V)
340,س ل ط,713,surely He (would have) given them power,Noun
341,ض ن ن,895,a withholder,Noun
342,ش ف ه,784,and two lips,Noun
343,و ف ي,1633,"to pay in full, to fulfill",Verb (form II)
344,ش و ب,805,(is) a mixture,Noun
345,س ن م,729,Tasneem,Noun
346,أ ن ي,81,come (the) time,Nominal (Interogative particle)
347,ط ل ح,919,And banana trees,Noun
348,م ن ن,1419,bestowed a Favor,Noun
349,س ك ب,705,poured forth,Passive participle
350,ج ه ر,270,publicizes,Noun
351,و ت ن,1584,the aorta,Noun
352,خ ش ي,410,to fear,Verb (form I)
353,ك ب ر,1254,to magnify,Verb (form II)
354,ط ح و,905,to spread,Verb (form I)
355,خ ل ص,427,they secluded themselves,Active participle
356,د س و,472,to bury,Verb (form I)
357,ح ش ر,322,"to gather, to raise",Verb (form I)
358,خ ل د,426,and he will abide forever,Active participle
359,س ع ر,691,is set ablaze,Noun
360,د ه ق,490,full,Adjective
361,ق ض ب,1210,and green fodder,Noun
362,ك ي د,1307,scheme against me,Noun
363,ح ي ن,380,a period,Nominal (Noun)
364,ح ب ك,288,pathways,Noun
365,و ل د,1647,Shall I bear a child,Noun
366,خ ض د,414,thornless,Passive participle
367,أ ب ب,4,"grass, herbage, pasture",Noun
368,إِرَم,34,Iram,Proper noun
369,ر ق ق,577,parchment,Noun
370,ك ن س,1296,(and) disappear,Adjective
371,ن ش ر,1471,Will spread,Passive participle
372,ك ب ك ب,1255,to overturn,Verb (form I)
373,ش ر ذ م,766,(are) certainly a band,Noun
374,ق م ع,1232,(are) hooked rods,Noun
375,س و ع,742,the Hour,Nominal (Noun)
376,ش ر ب,763,to drink,Verb (form I)
377,ذ ر ر,506,and their descendents,Noun
378,ص ح ف,823,plates,Noun
379,ذ و ق,519,to taste,Verb (form I)
380,م و ه,1428,water,Noun
381,ص ب غ,820,and a relish,Noun
382,ن ز غ,1458,to cause discord,Verb (form I)
383,ك ل م,1289,to speak,Verb (form II)
384,ظ ل ل,941,to shade,Verb (form II)
385,ر ج و,540,"to hope, to expect, to desire",Verb (form I)
386,س ب ق,655,to race,Verb (form VIII)
387,ط غ ي,913,transgress,Noun
388,ج ن ح,264,they incline,Noun
389,ع د ل,966,you can do justice,Noun
390,ب أ س,92,"to be wretched, to be evil",Verb (form I)
391,إِمَّا,74,Whether,Particle (Conditional particle)
392,ح ج ج,293,"to perform pilgrimage, to argue",Verb (form I)
393,ح ط ب,332,firewood,Noun
394,ق د ر,1181,"to restrict, to control, to have power",Verb (form I)
395,ح ج ر,294,and [the] stones,Noun
396,ص ل ص ل,856,sounding clay,Noun
397,ب ر ر,114,"to be good, to be kind",Verb (form I)
398,ق ل ب,1222,"to turn back, to return",Verb (form VII)
399,ق م ر,1229,the moon,Noun
400,خ ب ر,385,your news,Nominal (Noun)
401,ع ي ن,1046,(having) beautiful eyes,Noun
402,ل ط ف,1331,and let him be cautious,Nominal (Noun)
403,غ ب ر,1048,(will be) dust,Active participle
404,غ ل ي,1080,to boil,Verb (form I)
405,ص ه ر,866,to melt,Verb (form I)
406,ق و ع,1244,a level,Noun
407,ج ح د,226,"to reject, to deny",Verb (form I)
408,آدَم,1,Adam,Proper noun
409,ب س ط,124,"to extend, to stretch",Verb (form I)
410,ف أ د,1098,their hearts,Noun
411,ش ر ر,767,(is) bad,Noun
412,ح ي ث,373,wherever,Nominal (Noun)
413,ل د ن,1326,Yourself,Nominal (Noun)
414,ج ل ل,256,(of) Majesty,Noun
415,ق ط ع,1215,to cut,Verb (form I)
416,س ن ن,730,and the tooth,Noun
417,ض ح ك,881,to laugh,Verb (form I)
418,ج ب ر,218,(of) tyrannical strength,Nominal (Adjective)
419,ق ر ي,1196,town,Noun
420,و ث ق,1585,He bound you,Noun
421,ط ل ق,921,to divorce,Verb (form II)
422,ج ث م,224,fallen prone,Active participle
423,و ز ر,1605,to bear,Verb (form I)
424,خ ل و,433,to pass away,Verb (form I)
425,م س س,1394,to touch,Verb (form I)
426,أ و ي,87,I will betake myself,Noun
427,ر ك ض,584,"to flee, to strike",Verb (form I)
428,س ل ل,717,slip away,Noun
429,ه م ز,1563,Defamer,Noun
430,ه ج ر,1542,to emigrate,Verb (form III)
431,ر ك ب,580,Embark,Noun
432,ش ج ر,757,arises,Noun
433,ز و ج,638,We married her to you,Noun
434,ع م ر,1020,to grant life,Verb (form II)
435,ح ص ي,329,"to count, to calculate, to enumerate",Verb (form IV)
436,أَمَّا,73,Then as for,Particle (Explanation particle)
437,ف س د,1130,"to be corrupted, to be ruined",Verb (form I)
438,ط ر ق,909,(to) a way,Noun
439,ص ف و,851,to choose,Verb (form VIII)
440,ن ف ذ,1498,to pass,Verb (form I)
441,ق ن ط,1235,to despair,Verb (form I)
442,ص ي ف,877,and summer,Noun
443,ش ت و,756,(of) winter,Noun
444,و ق ب,1634,to spread,Verb (form I)
445,س ب ع,653,seven,Nominal (Noun)
446,ق ر أ,1186,is recited,Noun
447,ن ج م,1444,the stars,Noun
448,م ل و,1417,to give respite,Verb (form IV)
449,ق ن ت,1234,Be obedient,Active participle
450,غ د و,1053,to leave early,Verb (form I)
451,م ه د,1421,they are preparing,Noun
452,م ه ن,1423,despised,Nominal (Adjective)
453,ح م أ,351,black mud,Noun
454,ر و غ,603,to turn,Verb (form I)
455,ث م ن,209,and the eight of them,Noun
456,ح ي ق,379,"to surround, to encompass, to envelope",Verb (form I)
457,خ د ع,393,to deceive,Verb (form I)
458,ق ر ض,1191,"to lend, to loan",Verb (form IV)
459,خ ت م,391,to seal,Verb (form I)
460,ك ف ف,1281,Restrain,Noun
461,ث ب ت,194,to make firm,Verb (form II)
462,س ر ق,684,he steals ,Active participle
463,ش ب ه,754,"to look alike, to seem alike",Verb (form VI)
464,ط م ث,923,to touch,Verb (form I)
465,ز ي ن,646,to make fair,Verb (form II)
466,ش غ ل,781,Kept us busy,Noun
467,خ م د,434,extinct,Active participle
468,ج ر ي,242,"to flow, to run",Verb (form I)
469,ل ه و,1355,(are) distracted,Noun
470,ك ه ف,1298,(of) the cave,Noun
471,ر ش د,557,to be led aright,Verb (form I)
472,ب ك ي,153,to weep,Verb (form I)
473,ن ك ث,1514,to break (oath),Verb (form I)
474,ض ح و,882,exposed to the sun's heat,Nominal (Time adverb)
475,أ خ و,23,brother,Noun
476,س ب ت,650,they had Sabbath,Noun
477,ت ج ر,177,their commerce,Noun
478,ص ف ف,849,(when) lined up,Verbal noun
479,و ز ع,1606,to set in rows,Verb (form I)
480,ط و ي,935,We will fold,Noun
481,ش ه ب,800,a burning flame,Noun
482,ب ر د,113,cool[ness],Noun
483,ر و ح,599,you bring them in,Noun
484,د ه ن,492,you should compromise,Noun
485,ز ب ر,609,sheets,Noun
486,ق ل ل,1225,(is) little,Nominal (Noun)
487,ر م ي,593,"to throw, to accuse",Verb (form I)
488,س خ ر,669,"to ridicule, to mock",Verb (form I)
489,س ر ف,683,(be) extravagant,Verbal noun (form IV)
490,ث ع ب,202,(was) a serpent,Noun
491,ص ف د,846,the chains,Noun
492,ه ي م,1576,to roam,Verb (form I)
493,و ذ ر,1600,"to leave, to forsake",Verb (form I)
494,م ت ع,1367,"to grant, to bestow, to provide",Verb (form II)
495,م ن ي,1420,to wish,Verb (form V)
496,ح ر ج,303,any discomfort,Nominal (Noun)
497,ق ر ف,1194,"to commit, to acquire, to earn",Verb (form VIII)
498,ب د و,108,"to reveal, to disclose",Verb (form IV)
499,م ي ل,1432,"to deviate, to assult, to incline",Verb (form I)
500,س ر ب ل,676,Their garments,Noun
501,س ل س ل,712,and the chains,Noun
502,ز ق م,623,(of) Zaqqum,Proper noun
503,و ت د,1582,(of) the stakes,Noun
504,ع ه د,1032,"to make a covenant, to promise",Verb (form I)
505,ل م ز,1349,"to criticize, to insult",Verb (form I)
506,ج ن ب,263,and keep me away,Noun
507,غ ف ل,1072,you neglect,Active participle
508,ح ن ف,360,(the) upright,Noun
509,ف ر ح,1116,to rejoice,Verb (form I)
510,ع ر ب,970,the bedouins,Noun
511,ف ل ح,1151,to succeed,Verb (form IV)
512,س ف ه,700,to fool,Verb (form I)
513,ه م م,1565,"to determine, to plan, to plot, to desire",Verb (form I)
514,ف ر ج,1115,is cleft asunder,Noun
515,ب ق ر,147,[the] cows,Noun
516,ف ت ح,1101,"to open, to give victory",Verb (form I)
517,س م ر,721,conversing by night,Proper noun
518,ك ر ب,1264,distress,Noun
519,ل ج ج,1318,to persist,Verb (form I)
520,غ ي ث,1094,to be given rain,Verb (form IV)
521,ك د ح,1260,(with) exertion,Noun
522,أ ث ر,14,"footsteps, tracks, impressions",Noun
523,ج ه ل,272,(are) ignorant,Active participle
524,أ ز ز,36,to incite,Verb (form I)
525,ب ت ل,95,to devote,Verb (form V)
526,ت ر ق,181,the collar bones,Verbal noun (form VI)
527,ض ي ز,899,unfair,Adjective
528,ج ب ن,220,upon his forehead,Noun
529,ك ف ت,1279,a receptacle,Verbal noun (form III)
530,و ه ي,1653,frail,Active participle
531,س ج و,663,to cover with darkness,Verb (form I)
532,د س ر,470,and nails,Noun
533,ح ر د,304,determination,Noun
534,ن ك ل,1521,(are) shackles,Noun
535,ت ل ل,187,to put down,Verb (form I)
536,ز ف ف,622,to hasten,Verb (form I)
537,ف ض ح,1137,to shame,Verb (form I)
538,أ د د,24,atrocious,Adjective
539,ذ ل ل,513,we were humiliated,Nominal (Adjective)
540,ن م م,1523,with malicious gossip,Noun
541,ز ن م,633,utterly useless,Noun
542,ف ل ن,1154,that one,Noun
543,ح ر ك,311,to move,Verb (form II)
544,ر ه ب,594,to fear,Verb (form I)
545,ل ق م,1346,to swallow,Verb (form VIII)
546,س ق ي,704,"to water, to give drink",Verb (form I)
547,ل ظ ي,1332,to blaze,Verb (form I)
548,ك ب د,1253,hardship,Noun
549,ف ق ر,1145,[the] poverty,Noun
550,ر غ ب,566,"to desire, to prefer",Verb (form I)
551,غ م ز,1082,to wink,Verb (form VI)
552,د ف ق,477,ejected,Active participle
553,ص د ق,830,"to be truthful, to fulfill",Verb (form I)
554,ر ح ق,542,a pure wine,Noun
555,و ح ش,1594,the wild beasts,Noun
556,ص ف ص ف,848,plain,Adjective
557,و أ د,1577,the female infant buried alive,Passive participle
558,و ر ي,1604,to hide,Nominal (Location adverb)
559,أ ف ك,52,"to delude, to turn away",Verb (form I)
560,ع ز و,985,(in) separate groups,Noun
561,ش ق ق,787,to split,Verb (form V)
562,ض ر ب,884,"to strike, to set forth",Verb (form I)
563,ع و ذ,1036,to seek refuge,Verb (form I)
564,ك ش ط,1274,to strip away,Verb (form I)
565,ك د ر,1261,to fall and lose luster,Verb (form VII)
566,ع ص م,995,to hold fast,Verb (form VIII)
567,ع س ع س,987,to depart,Verb (form I)
568,ص خ خ,824,the Deafening Blast,Active participle
569,ل ه م,1354,to inspire,Verb (form IV)
570,س ه م,735,to draw,Verb (form III)
571,ف و ز,1162,"to be successful, to attain",Verb (form I)
572,س غ ب,693,severe hunger,Noun
573,ن ق م,1512,you resent,Verbal noun (form VIII)
574,أ م ت,67,curve,Noun
575,ه ل ع,1558,anxious ,Noun
576,ك د ي,1262,to withhold,Verb (form IV)
577,و ق د,1636,to kindle,Verb (form X)
578,ف ج ر,1108,to gush forth,Verb (form V)
579,س م ك,723,its ceiling,Noun
580,و ه ج,1651,burning,Adjective
581,د ح و,459,to spread,Verb (form I)
582,ل غ و,1336,and make noise,Noun
583,ح ر ب,301,wage war,Noun
584,س ب ب,649,insult,Noun
585,س ع ي,692,"to strive, to run",Verb (form I)
586,و ص ف,1618,"to attribute, to ascribe",Verb (form I)
587,و ل ج,1646,to cause enter,Verb (form IV)
588,ح د ث,297,"to report, to narate",Verb (form II)
589,ت ح ت,178,under them,Nominal (Noun)
590,ن ه ر,1525,repel them,Nominal (Noun)
591,ر ف ر ف,572,cushions,Noun
592,ش و ظ,807,a flame,Noun
593,ع ب ق ر,951,and carpets,Noun
594,ل و ن,1360,(is) its color,Noun
595,ق ذ ف,1185,"to cast, to throw, to hurl",Verb (form I)
596,س ل م,718,"to submit, to greet, to pay",Verb (form II)
597,س أ ل,647,to ask,Verb (form I)
598,م ر ج,1382,to release,Verb (form I)
599,ط و ر,930,(in) stages,Noun
600,ف و ج,1160,a troop,Noun
601,خ م س,436,And the fifth,Noun
602,ه ز ز,1551,to shake,Verb (form I)
603,خ ي ب,448,and disappointed,Active participle
604,ب خ ع,101,the one who kills,Active participle
605,س و ر,740,they climbed over the wall,Noun
606,و د د,1596,"to love, to wish",Verb (form I)
607,ث م ر,208,it bears fruit,Noun
608,ن ق ص,1509,they have failed you,Noun
609,ر ع ي,565,to observe,Verb (form III)
610,ض ر ر,885,to harm,Verb (form I)
611,ط م ع,925,"to hope, to desire",Verb (form I)
612,س و م,746,to afflict,Verb (form I)
613,ل س ن,1330,their tongues,Noun
614,ر ج ل,538,and for the men,Noun
615,ج د ث,228,the graves,Noun
616,ح س ر,318,they tire,Noun
617,ب ذ ر,109,"to squander, to waste",Verb (form II)
618,ق ب ر,1171,and provides a grave for him,Noun
619,ب و ب,166,the gate,Noun
620,أ ل ف,56,thousand,Noun
621,ل ي ل,1364,of the night,Nominal (Noun)
622,خ ل ل,432,in your midst,Noun
623,ح ص ب,323,(are) firewood,Active participle
624,أ ب ي,11,to refuse,Verb (form I)
625,م ك ن,1410,to establish,Verb (form II)
626,ح ل ف,346,to swear,Verb (form I)
627,ز ي غ,644,to deviate,Verb (form IV)
628,ج ل د,254,[then] flog,Noun
629,ه و ي,1571,to desire,Verb (form I)
630,أ ن ث,77,and the female,Noun
631,أ س و,46,to grieve,Verb (form I)
632,ت م م,189,"to fulfill, to complete, to perfect",Verb (form IV)
633,غ و ي,1092,and erred,Noun
634,ض غ ث,888,Confused,Noun
635,م ز ج,1388,its mixture,Noun
636,ن أ ي,1433,"to distance, to become remote, to keep away",Verb (form I)
637,ج ث و,225,bent (on) knees,Verbal noun
638,ز ف ر,621,(is) sighing,Noun
639,ل ق ف,1345,to swallow,Verb (form I)
640,ن س ب,1462,(there) will be relationship,Noun
641,ر ه ق,596,to cover,Verb (form I)
642,ع ت و,956,"to be insolent, to exceed, to rebell",Verb (form I)
643,ج د ل,231,argue,Noun
644,ز ل ف,626,And We brought near,Noun
645,ر ج س,535,(are an) abomination,Noun
646,ك ت م,1257,"to conceal, to hide",Verb (form I)
647,د ح ر,457,Repelled,Passive participle
648,ن ق ر,1508,is blown,Noun
649,ع ل و,1018,and Exalted,Nominal (Noun)
650,ش ي خ,812,(is) an old man,Nominal (Adjective)
651,ر ف د,571,(is) the gift,Noun
652,ه و ن,1570,Allah humiliates,Active participle (form IV) (Adjective)
653,د ن و,488,to draw,Nominal (Noun)
654,ض ر ع,886,to humble,Verb (form I)
655,ن ع ج,1488,ewe(s),Noun
656,أ ف ل,53,to set,Verb (form I)
657,ع ب ث,947,amusing yourselves,Noun
658,ن ب ع,1439,a spring,Noun
659,ع ت ل,955,to drag,Verb (form I)
660,ك و د,1302,"to be near, to nearly do, to almost do",Verb (form I)
661,ٱلْيَسَعَ,65,Elisha,Proper noun
662,ق ح م,1178,he has attempted,Active participle (form VIII)
663,ك ه ل,1299,and (in) maturity,Noun
664,ن ك ب,1513,(the) paths thereof,Active participle
665,ك ه ن,1300,a soothsayer,Noun
666,ع ج ز,960,to be unable,Verb (form I)
667,أ ش ر,47,insolent,Adjective
668,ع ش ر,990,And live with them,Nominal (Noun)
669,ف ت ي,1106,"to give ruling, to explain, to advise",Verb (form IV)
670,ن ش أ,1470,"to produce, to raise",Verb (form IV)
671,ر ب ط,527,to be constant,Verb (form III)
672,ع ص ب,992,(are) a group,Adjective
673,ث ن ي,210,fold up,Noun
674,د ر أ,463,to dispute,Verb (form VI)
675,م ر د,1384,They persist,Adjective
676,ذ ر ع,507,his two forelegs,Noun
677,غ و ث,1087,to seek help,Verb (form X)
678,ك س ف,1271,a portion,Noun
679,ف ر غ,1123,to pour,Verb (form IV)
680,غ ل م,1078,a son,Noun
681,ب د أ,103,"to begin, to originate",Verb (form I)
682,غ م م,1084,(with) distress,Noun
683,إِبْلِيس,9,Iblis,Proper noun
684,ح و ر,367,he would return,Noun
685,ج ن ي,268,ripe,Adjective
686,ب ر ز,115,"to come forth, to go out",Verb (form I)
687,ن ص ي,1479,of its forelock,Noun
688,إِذًا,28,then,Particle (Answer particle)
689,ف ز ع,1128,and will be terrified,Noun
690,ق م ح,1228,(are with) heads raised up,Passive participle (form IV)
691,ع ر ج ن,972,like the date stalk,Noun
692,ف ي ل,1169,(of the) Elephant,Noun
693,م س خ,1392,to transform,Verb (form I)
694,ب ط ن,136,(is) concealed,Noun
695,ر ق م,578,and the inscription,Noun
696,ه و د,1568,to be Jewish,Verb (form I)
697,ع م د,1019,intended,Active participle (form V)
698,ث و ي,213,(is the) abode,Noun
699,ب ك ر,151,and (in) the morning,Nominal (Adjective)
700,و ص ل,1619,"to join, to reach",Verb (form I)
701,ص ب ر,818,to be patient,Verb (form I)
702,ح ض ر,330,"to approach, to attend",Verb (form I)
703,ث و ب,211,been rewarded,Noun
704,ف ي أ,1167,to return,Verb (form I)
705,س ج ل,661,(of) a scroll,Noun
706,ك ف ل,1282,"to take charge, to nurse, to rear",Verb (form I)
707,أ ص ل,49,"evening, afternoon",Nominal (Noun)
708,ح و ل,371,comes,Nominal (Noun)
709,س ن و,732,(the) flash,Noun
710,ص ب ح,817,to become,Verb (form IV)
711,ر ج م,539,surely we would have stoned you,Nominal (Adjective)
712,ع و د,1035,to return,Verb (form I)
713,م ض ي,1401,"to go on, to continue, to pass",Verb (form I)
714,ج و ع,278,you will be hungry,Noun
715,ب خ ل,102,"to be stingy, to withhold",Verb (form I)
716,ب غ ي,146,to seek,Verb (form VIII)
717,خ س ف,407,to cause to swallow,Verb (form I)
718,ر ت ل,532,to recite,Verb (form II)
719,ج ه ز,271,to furnish,Verb (form II)
720,ح ل ل,348,"to descend, to be lawful",Verb (form I)
721,ح ط م,334,to crush,Verb (form I)
722,س د د,671,the two mountains,Adjective
723,م ن ع,1418,to prevent,Verb (form I)
724,م ش ي,1398,to walk,Verb (form I)
725,ق ص ر,1205,to shorten,Verb (form I)
726,ف و ق,1164,he recovered,Nominal (Location adverb)
727,ع و ج,1034,(seem) crooked,Noun
728,ن ق ض,1510,to break,Verb (form I)
729,س ر ب,675,(are) like a mirage,Active participle
730,ز ل ل,628,to slip,Verb (form I)
731,خ س أ,405,Remain despised,Active participle (Adjective)
732,غ ط ش,1069,to darken,Verb (form IV)
733,ل ف ح,1338,to burn,Verb (form I)
734,ف ر ه,1125,skillfully,Active participle
735,ط م م,926,the Overwhelming Calamity,Noun
736,ك ل ح,1286,(will) grin with displaced lips,Active participle
737,ث ج ج,198,pouring abundantly,Adjective
738,م ط و,1403,to swagger,Verb (form V)
739,ج ر م,241,to let incite,Verb (form I)
740,أ ج ل,19,term,Noun
741,ن خ ر,1451,decayed,Adjective
742,ص ي ر,875,reach,Noun
743,ض د د,883,opponents,Noun
744,ر ي ن,607,to cover,Verb (form I)
745,س ط ح,687,to spread out,Verb (form I)
746,ج م م,262,immense,Adjective
747,غ ص ص,1066,chokes,Noun
748,س و ط,741,scourge,Noun
749,م ز ن,1390,the rain clouds,Noun
750,س د ي,674,neglected,Noun
751,ب س ق,125,tall ,Noun
752,ع ض و,1001,(in) parts,Noun
753,ه ج ع,1543,to sleep,Verb (form I)
754,أَبَارِيق,3,"jugs, pitchers",Noun
755,ق و ب,1241,(at) a distance,Noun
756,ق و س,1243,(of) two bow-(lengths),Noun
757,ل ع ب,1333,playing,Noun
758,ع ت ب,952,to ask for favor,Verb (form X)
759,ن ث ر,1441,scatter,Passive participle (Noun)
760,ذ أ ب,499,a wolf,Noun
761,ك ب ت,1252,to be disgraced,Verb (form I)
762,ف ر ر,1118,So I fled,Noun
763,ج أ ر,215,to cry for help,Verb (form I)
764,و ز ن,1607,and weigh,Noun
765,ل ج أ,1317,a refuge,Noun
766,م ح و,1376,"to eliminate, to erase",Verb (form I)
767,ش ف ي,786,"to heal, to cure",Verb (form I)
768,ل ح ق,1321,to join,Verb (form I)
769,ح ج ب,292,(will be) a partition,Noun
770,ن س ك,1466,our ways of worship,Noun
771,ر م م,591,(are) decomposed,Noun
772,ص ع ق,842,"thunderbolt, thunderclap",Noun
773,ظ ه ر,945,to support,Verb (form VI)
774,ر د د,547,"to turn back, to return",Verb (form I)
775,م ز ق,1389,"to disintegrate, to disperse",Verb (form II)
776,ق ي ل,1249,were sleeping at noon,Active participle
777,م ح ص,1372,"to purify, to purge",Verb (form II)
778,ه ض م,1556,deprivation,Noun
779,ن ص ت,1475,"to listen, to play attention",Verb (form IV)
780,أ م ل,71,hope,Noun
781,ث ق ب,203,the piercing,Active participle (Noun)
782,ر س س,554,(of) Ar-rass,Noun
783,ط ل ع,920,to inform,Verb (form IV)
784,ش ه ق,803,and wailing,Noun
785,و ق ع,1639,"to fall, to occur, to fulfill",Verb (form I)
786,ص ن ع,863,"to make, to construct, to do",Verb (form I)
787,ن ز ع,1457,"to take way, to remove, to withdraw",Verb (form I)
788,ع ت د,953,to prepare,Verb (form IV)
789,غ ي ظ,1097,that angers,Noun
790,ن ك ح,1515,to marry,Verb (form I)
791,ط ر د,907,"to send away, to drive away",Verb (form I)
792,ق ص ص,1206,We (have) mentioned them,Noun
793,ح ر ث,302,you sow,Noun
794,ش ه ر,802,Month,Noun
795,و ح د,1593,(of) one (kind),Nominal (Adjective)
796,ع ذ ر,969,make excuse,Noun
797,ق ب ض,1173,"to withhold, to withdraw, to close",Verb (form I)
798,ش ك ك,791,doubt,Noun
799,ر ج ز,534,And uncleanliness,Noun
800,خ ط و,421,(the) footsteps (of),Noun
801,ك و ك ب,1304,a star,Noun
802,ث ب ر,195,(for) destruction,Passive participle
803,ف ك ر,1148,"to ponder, to reflect",Verb (form V)
804,م س ك,1395,"to retain, to withhold",Verb (form IV)
805,غ ر م,1058,inseparable,Noun
806,س ح ر,666,they bewitched,Noun
807,ل ح د,1319,"to deviate, to distort",Verb (form IV)
808,ك ظ م,1276,a suppressor,Active participle
809,ذ م م,514,covenant of protection,Noun
810,م ق ت,1407,and hateful,Noun
811,ح ر ف,309,to distort,Verb (form II)
812,خ ب ث,384,is bad ,Noun
813,س ر ج,677,a lamp,Noun
814,ب د ع,105,they innovated ,Noun
815,ز و ل,641,to cease,Verb (form I)
816,ك و ب,1301,and cups,Noun
817,س خ ط,670,became angry,Noun
818,خ ف ض,423,to lower,Verb (form I)
819,ل ب د,1314,abundant,Noun
820,ف ش ل,1133,to lose courage,Verb (form I)
821,ج ب ل,219,hill,Noun
822,ج م ل,261,(is) beauty,Noun
823,ت س ع,183,nine,Noun
824,ح ص ن,328,"to guard, to protect",Verb (form IV)
825,ب ر ه ن,120,your proof,Noun
826,و د ع,1597,and disregard,Passive participle (form X)
827,ع ق ر,1011,Then they hamstrung,Active participle
828,ن خ ل,1452,the date-palm,Noun
829,ج ن د,265,with the forces,Noun
830,ن ي ل,1537,to reach,Verb (form I)
831,ل ح م,1322,and flesh,Noun
832,ر د ف,548,close behind,Active participle (form IV)
833,ه ط ع,1557,Racing ahead,Active participle (form IV)
834,ص ر م,839,to pluck,Verb (form I)
835,ق ر د,1189,apes,Noun
836,ف ج ج,1107,broad passes,Nominal (Noun)
837,م ر ح,1383,be insolent,Noun
838,ن س ل,1467,descend,Noun
839,ر ح ل,543,their saddlebags,Noun
840,س ل خ,711,"to pass, to detach",Verb (form VII)
841,ح ل ي,350,They will be adorned,Noun
842,ح م ي,356,it will be heated [on it],Noun
843,ف و ه,1166,their mouths,Noun
844,ج و ر,275,they will remain your neighbors,Noun
845,ف ر ض,1120,"to specify, to ordain, to make obligatory",Verb (form I)
846,ب غ ت,143,suddenly,Noun
847,ح ر ر,305,the heat,Noun
848,أ ث م,16,sin,Noun
849,ع ش و,991,turns away,Nominal (Noun)
850,ق س و,1202,to harden,Verb (form I)
851,ي ت م,1656,and [the] orphans,Nominal (Noun)
852,و س و س,1614,to whisper,Verb (form I)
853,ز ع م,620,to claim,Verb (form I)
854,ص ع د,840,to run uphill,Verb (form IV)
855,ك ر ر,1265,a return,Noun
856,د أ ب,453,as usual,Noun
857,ي س ر,1658,to obtain with ease,Verb (form X)
858,ق ل م,1226,their pens,Noun
859,ع ط و,1004,to give,Verb (form IV)
860,ب ط ش,134,to seize,Verb (form I)
861,ن ك ف,1520,to disdain,Verb (form X)
862,س ج ن,662,to imprison,Verb (form I)
863,ف ق ه,1147,to understand,Verb (form I)
864,ل و م,1359,you blamed me,Noun
865,ب و ر,167,(will) perish,Noun
866,ز ه ق,637,"to depart, to perish",Verb (form I)
867,خ ر ص,400,"to guess, to lie",Verb (form I)
868,ص و ت,868,with your voice,Noun
869,ه ب ط,1539,to go down,Verb (form I)
870,ر و ض,601,flowering meadows,Noun
871,ع ت ق,954,[the] Ancient,Adjective
872,و ع ي,1628,and would be conscious of it,Noun
873,أ ر ب,31,uses,Noun
874,و ق ت,1635,are gathered to their appointed time,Noun
875,غ و ص,1089,to dive,Verb (form I)
876,ه ب و,1540,(as) dust,Noun
877,خ ض ع,416,be soft,Active participle
878,و ص ب,1616,constantly,Active participle
879,خ ز ن,403,(are the) treasures,Noun
880,ب ط ل,135,"to make vain, to nullify",Verb (form IV)
881,ذ ب ح,502,"to slaughter, to sacrifice",Verb (form I)
882,ر ك ن,587,to incline,Verb (form I)
883,س و ق,744,to drive,Verb (form I)
884,ف و ر,1161,and overflowed,Noun
885,غ ض ض,1068,to lower,Verb (form I)
886,ه ن أ,1567,(in) satisfaction,Nominal (Adjective)
887,ح ر ي,313,to seek,Verb (form I)
888,غ د ق,1052,(in) abundance,Adjective
889,ز م ه ر,632,freezing cold,Noun
890,ق م ط ر,1231,and distressful,Adjective
891,م ل أ,1412,"surely, I will fill",Noun
892,ش ر د,765,to disperse,Verb (form II)
893,ر ت ع,530,to enjoy,Verb (form I)
894,ه م ر,1562,pouring down,Active participle (form VII)
895,ح د ب,296,elevation,Noun
896,ج و د,274,excellent bred steeds,Adjective
897,ط ب ع,903,to seal,Verb (form I)
898,ش ف ق,783,and they feared,Active participle (form IV)
899,ح ن ن,362,And affection,Noun
900,ت ع س,184,destruction (is),Noun
901,ر ه و,598,at rest,Noun
902,د ف أ,475,(is) warmth,Noun
903,ع ق ب,1009,look back,Noun
904,ص ف ن,850,excellent bred steeds,Active participle
905,أ ب ق,7,"to run away, to flee",Verb (form I)
906,ق ف ل,1220,(are) locks,Noun
907,ر ي ع,606,elevation,Noun
908,ض ي ر,898,harm,Noun
909,ذ ع ن,509,(as) promptly obedient,Active participle (form IV)
910,و س ع,1609,"to encompass, to extend",Verb (form I)
911,ث ر ي,201,the soil,Noun
912,د ه ي,493,(will be) more grievous,Adjective
913,ب ل غ,157,to reach,Verb (form I)
914,ق ع ر,1219,uprooted,Active participle (form VII)
915,خ ط أ,417,"to err, to make mistake",Verb (form IV)
916,و ن ي,1649,to slacken,Verb (form I)
917,ف ص ل,1135,"to set out, to depart, to judge",Verb (form I)
918,ل ف ظ,1339,to utter,Verb (form I)
919,ط ع م,911,"to eat, to taste, to feed",Verb (form I)
920,ف ت ن,1105,(may) harm you,Noun
921,ش ت ت,755,separately,Nominal (Adjective)
922,ج د د,229,(the) Majesty,Adjective
923,أ و ب,83,Repeat praises,Noun
924,ط ي ر,937,(that) flies,Noun
925,ش ي ع,814,(should) spread,Noun
926,ل ف ت,1337,to turn away,Verb (form I)
927,ش ك و,793,to complain,Verb (form I)
928,ر ه ط,595,for your family,Noun
929,ن ض د,1482,arranged,Passive participle (Noun)
930,ن ف ش,1501,to pasture,Verb (form I)
931,ف ر ش,1119,We have spread it,Noun
932,س ط ر,688,they write,Noun
933,ض ي ق,902,and (was) straitened,Nominal (Noun)
934,ب ل د,154,a city,Noun
935,ب ض ع,131,(as) a merchandise,Noun
936,خ ذ ل,395,to forsake,Verb (form I)
937,ح ظ ظ,336,any portion,Noun
938,ن ف ل,1504,the spoils of war,Noun
939,ق ص د,1204,And be moderate,Active participle (form VIII)
940,ق م ص,1230,his shirt,Noun
941,ض و أ,897,"to light, to flash, to glow",Verb (form IV)
942,ش ه و,804,they desire,Noun
943,إِسْحَاق,39,Isaac,Proper noun
944,ص و م,872,to fast,Verb (form I)
945,ن ف د,1497,to be exhausted,Verb (form I)
946,د خ ر,460,(are) humble,Active participle
947,ر ف ق,574,companion(s),Noun
948,ص ب ب,816,to pour,Verb (form I)
949,ص ن م,864,idols,Noun
950,ل ز م,1329,"to compel, to make adhere",Verb (form IV)
951,ن س ف,1465,"to scatter, to blow away, to blast",Verb (form I)
952,ل ب ث,1313,"to remain, to stay, to hesitate, to delay",Verb (form I)
953,ن و ب,1528,to turn,Verb (form IV)
954,ن ف ع,1502,"to profit, to benifit",Verb (form I)
955,ي م م,1661,"to aim, to do tayammum",Verb (form V)
956,ع ل ق,1015,a clinging substance,Passive participle (form II)
957,ش ف ع,782,to intercede,Verb (form I)
958,غ س ق,1062,and purulence,Noun
959,ف ل ق,1152,So it parted,Active participle
960,ش م ل,798,to contain,Verb (form VIII)
961,خ و ض,443,"to engage in idle talk, to converse vainly",Verb (form I)
962,و ق ف,1640,to make stand,Verb (form I)
963,ع ق م,1013,barren,Nominal (Adjective)
964,ر ق ي,579,to ascend,Verb (form I)
965,م ج د,1370,All-Glorious,Adjective
966,ن س خ,1463,"to abolish, to abrogate",Verb (form I)
967,ش ر ي,772,to sell,Verb (form I)
968,ش م س,797,the sun,Noun
969,د ر ج,464,We will gradually lead them,Noun
970,غ ل ظ,1074,and be stern,Nominal (Noun)
971,ذ ق ن,510,on their faces,Noun
972,ش ك ل,792,his manner,Noun
973,ق ن ع,1237,raised up,Noun
974,غ ط و,1070,a cover,Noun
975,ض غ ن,889,their hatred,Noun
976,ر ف ت,569,and crumbled particles,Noun
977,ج ب ي,222,to choose,Verb (form VIII)
978,غ ل ف,1075,(are) wrapped,Noun
979,غ ث و,1050,(as) rubbish of dead leaves,Noun
980,ح ظ ر,335,restricted,Passive participle
981,ف ي ض,1168,to depart,Verb (form IV)
982,د م و,486,[the] blood[s],Noun
983,ق د س,1182,to sanctify,Verb (form II)
984,ص د د,826,(do) you hinder,Verbal noun
985,ب ر ق,117,is dazzled,Noun
986,و ك أ,1642,I lean,Passive participle (form VIII)
987,إِسْمَاعِيل,44,Ishmael,Proper noun
988,س ف ر,695,it brightens,Noun
989,خ ب ت,383,to be humble,Verb (form IV)
990,ف ت ل,1104,(even as much as) a hair on a date-seed,Noun
991,ع ي ر,1043,(in) the caravan,Noun
992,ل أ ل أ,1311,and pearl,Noun
993,ب ل س,155,will (be in) despair,Active participle (form IV)
994,ص ف ر,847,yellow,Adjective
995,ع ن ق,1029,the necks,Noun
996,ت ب ب,174,Perish,Verbal noun (form II)
997,س ف ن,699,the ship,Noun
998,خ ز ي,404,and disgraced,Noun
999,ع ج م,963,(is) foreign,Nominal (Noun)
1000,و ف ر,1630,ample,Passive participle
1001,ح ي د,374,to avoid,Verb (form I)
1002,ح ت م,290,an inevitability,Noun
1003,و ف د,1629,(as) a delegation,Verbal noun
1004,خ ل ع,429,to remove,Verb (form I)
1005,ش م خ,795,lofty,Adjective
1006,ز ر ق,618,blue-eyed,Noun
1007,س و ح,738,in their territory,Noun
1008,ه ر ب,1548,(by) flight,Noun
1009,م س و,1396,to reach evening,Verb (form IV)
1010,ق ب ح,1170,the despised,Passive participle
1011,ن ع ل,1491,your shoes,Noun
1012,ن و ش,1531,(will be) the receiving,Verbal noun (form VI)
1013,د م د م,482,to destroy,Verb (form I)
1014,ت ر ف,180,to give luxury,Verb (form IV)
1015,غ ل ب,1073,"to overcome, to defeat",Verb (form I)
1016,ف ر ط,1121,"to neglect, to fail",Verb (form II)
1017,ص ل ب,853,to crucify,Verb (form I)
1018,ص ر ف,838,He diverted you,Verbal noun (form II)
1019,ث و ر,212,"to raise, to plough",Verb (form IV)
1020,ف ل ك,1153,an orbit,Noun
1021,د ر ك,467,"to overtake, to grasp",Verb (form IV)
1022,و ج ل,1591,"to feel fear, to be afraid",Verb (form I)
1023,ر ع ب,563,[the] terror,Noun
1024,م ي د,1429,it should shake,Noun
1025,د ف ع,476,defend,Verbal noun
1026,ع ز ل,983,"to withdraw, to leave, to keep away",Verb (form VIII)
1027,أ ي د,88,"to support, to strengthen",Verb (form II)
1028,ز ر ع,617,You will sow,Noun
1029,ع ص و,996,with your staff,Noun
1030,س ت ر,658,covering yourselves,Passive participle
1031,و ق ر,1638,and respect him,Noun
1032,أ ج ج,17,"salty, bitter",Noun
1033,أ ف ق,51,horizon,Noun
1034,أ ز ف,37,approaching,Active participle
1035,ج ذ ع,233,(the) trunk,Noun
1036,س و غ,743,to swallow,Verb (form IV)
1037,ف ر ت,1113,and sweet,Adjective
1038,ش ي ب,811,gray-haired,Noun
1039,س ي ح,749,to move about,Verb (form I)
1040,د ل ل,480,"to indicate, to show, to direct",Verb (form I)
1041,ع ط ل,1003,(are) left untended,Passive participle (form II)
1042,ح ق ب,342,(for) ages,Noun
1043,ص غ و,844,to incline,Verb (form I)
1044,ل غ ب,1335,weariness,Noun
1045,ك ب ب,1251,to cast,Verb (form I)
1046,غ د ر,1051,to leave behind,Verb (form III)
1047,ش خ ص,761,to stare,Verb (form I)
1048,ت ر ب,179,well-matched,Noun
1049,ن ف خ,1496,"to blow, to breathe",Verb (form I)
1050,ع ن ب,1026,and grapevines,Noun
1051,ن ح س,1449,and smoke,Adjective
1052,ك ي ل,1309,you measure,Noun
1053,ط ب ق,904,one above another,Nominal (Adjective)
1054,س و ل,745,"to entice, to suggest",Verb (form II)
1055,ث ر ب,200,blame,Verbal noun (form II)
1056,ج د ر,230,and more likely,Noun
1057,خ ر ق,402,"to falsely attribute, to tear",Verb (form I)
1058,د ل و,481,"to present, to let down",Verb (form IV)
1059,ه أ ت,1538,to bring,Verb (form I)
1060,س د ر,672,lote trees,Noun
1061,ح م م,355,boiling water,Nominal (Noun)
1062,ن د د,1453,rivals,Noun
1063,ح ذ ر,300,"to fear, to beware",Verb (form I)
1064,ق س ط س,1200,with the balance,Noun
1065,أ ر ك,33,"couches, thrones",Noun
1066,ص و ر,869,to incline,Verb (form I)
1067,و ع ظ,1627,"to instruct, to advise, to preach",Verb (form I)
1068,س ن ب ل,727,its ears,Noun
1069,ف ض ض,1138,"to rush, to disperse",Verb (form VII)
1070,ع ك ف,1014,devoted,Active participle
1071,ر س و,556,He made them firm,Passive participle (form IV)
1072,و ر ث,1601,and inherit[ed] him,Active participle
1073,ق ت ر,1175,and are not stingy,Active participle (form IV)
1074,ر ب ص,526,to await,Verb (form V)
1075,ر ك م,586,to heap,Verb (form I)
1076,و ج س,1589,"to feel, to sense",Verb (form IV)
1077,س ل و,719,and [the] quails,Noun
1078,ل ف ف,1340,And is wound,Noun
1079,ص ر ر,834,to persist,Verb (form IV)
1080,ل و ح,1357,Scorching,Noun
1081,و ص د,1617,closed in,Noun
1082,د و م,496,to be as long as,Verb (form I)
1083,خ ي ل,451,seemed,Noun
1084,ع ب ر,949,interpret,Noun
1085,ك ن ز,1295,to hoard,Verb (form I)
1086,س ق ف,702,the roof,Noun
1087,ج س د,246,an image,Nominal (Noun)
1088,ه ش ش,1554,to bring down leaves,Verb (form I)
1089,ع س ر,986,you disagree,Noun
1090,ف ن د,1155,to weaken in mind,Verb (form II)
1091,س م م,724,(the) eye,Noun
1092,ح ر س,306,guards,Noun
1093,ن س ر,1464,and Nasr,Proper noun
1094,و ف ض,1631,to hasten,Verb (form IV)
1095,ع ن و,1031,to be humbled,Verb (form I)
1096,ر خ و,545,gently,Noun
1097,ف س ر,1131,explanation,Verbal noun (form II)
1098,ن ف ح,1495,a whiff,Noun
1099,ح ر ص,307,you desired,Noun
1100,ب غ ل,145,and mules,Noun
1101,ل و ت,1356,to not be,Verb (form I)
1102,ن و ص,1532,(for) escape,Noun
1103,ر ك ز,582,a sound,Noun
1104,د م غ,485,to break,Verb (form I)
1105,ت ف ث,185,their prescribed duties,Noun
1106,ق ط ط,1214,our share,Noun
1107,ع ب أ,946,to care,Verb (form I)
1108,ز ه د,635,those keen to give up,Active participle
1109,ر و ع,602,the fright,Noun
1110,ذ أ م,500,disgraced,Passive participle
1111,ج م ح,258,to run wild,Verb (form I)
1112,د ر ه م,468,dirhams,Noun
1113,س ق ط,701,"to fall, to regret",Verb (form I)
1114,س ر ي,686,"to travel, to take",Verb (form IV)
1115,ص ر ح,832,the palace,Noun
1116,ح ي ض,377,[they] menstruated,Passive participle
1117,م ح ق,1373,to destroy,Verb (form I)
1118,ب د ن,107,And the camels and cattle ,Noun
1119,ح ن ث,357,to break oath,Verb (form I)
1120,ن ب ت,1435,to make grow,Verb (form IV)
1121,ج ن ف,266,(any) error,Noun
1122,ن ح ل,1450,the bee,Noun
1123,ض م م,893,to draw (near),Verb (form I)
1124,ع ض د,998,(as) helper(s),Noun
1125,ل د د,1325,(is) the most quarrelsome,Noun
1126,و س ل,1611,the means,Noun
1127,ص ر خ,833,will cry,Active participle (form IV)
1128,إِسْتَبْرَق,38,"brocade, heavy silk",Noun
1129,ل و ي,1361,to distort,Verb (form I)
1130,ه ل ل,1560,to to be dedicated,Verb (form IV)
1131,ف و ت,1159,to escape,Verb (form I)
1132,خ ن ز ر,439,(of) swine,Noun
1133,خ ط ف,420,to snatch,Verb (form I)
1134,خ م ر,435,[the] intoxicants,Noun
1135,ز ل ز ل,625,to shake,Verb (form I)
1136,ع ص ي,997,to disobey,Verb (form I)
1137,د م ر,483,to destroy,Verb (form II)
1138,ر ض ع,560,to suckle,Verb (form I)
1139,ث ق ف,204,"to find, to gain dominance",Verb (form I)
1140,ط م س,924,"to blind, to destory, to obliterate",Verb (form I)
1141,ش ر ح,764,"to expand, to open",Verb (form I)
1142,ق ن ط ر,1236,and [the] heaps,Noun
1143,د ح ض,458,to refute,Verb (form IV)
1144,ر ح ب,541,to be vast,Verb (form I)
1145,ق ب س,1172,we may acquire,Noun
1146,ر غ د,567,freely,Nominal (Adjective)
1147,ن د م,1454,the regret,Active participle
1148,ز و ر,640,to incline away,Verb (form VI)
1149,ص د ف,829,to turn away,Verb (form I)
1150,ق د د,1180,to tear,Verb (form I)
1151,ح ر ق,310,to burn,Verb (form VIII)
1152,خ ل ط,428,to associate,Verb (form III)
1153,ض ي ف,901,offer them hospitality,Noun
1154,ق ر ح,1188,a wound,Noun
1155,أ ن ف,79,and the nose,Noun
1156,ك و ر,1303,to wrap,Verb (form II)
1157,د ب ب,454,moving creature,Noun
1158,خ د د,392,(of) the pit,Noun
1159,ش ط أ,773,(the) side,Noun
1160,م ل ح,1413,salty,Noun
1161,ل ب ن,1316,milk,Noun
1162,ل ق ط,1344,to pick,Verb (form VIII)
1163,ح د د,298,oppose,Noun
1164,ص د ي,831,give attention,Verbal noun (form II)
1165,ق د و,1184,to follow,Verb (form VIII)
1166,ق ر ط س,1192,a parchment,Noun
1167,ز ل ق,627,surely make you slip,Noun
1168,و ب ق,1580,He could destroy them,Noun
1169,ج ب ب,216,(of) the well,Noun
1170,أ ل ل,57,kinship,Noun
1171,ر ق د,576,(were) asleep,Noun
1172,ف أ ي,1099,your forces,Noun
1173,ح س د,317,are they jealous,Noun
1174,خ ص ص,411,to choose,Verb (form VIII)
1175,ف س ح,1129,to make room,Verb (form I)
1176,ع ن ك ب,1030,the spider,Noun
1177,ذ ب ذ ب,503,Wavering,Passive participle (form II)
1178,ه د ه د,1546,the hoopoe,Noun
1179,ل ق ح,1343,fertilizing,Noun
1180,ر ب ح,525,to profit,Verb (form I)
1181,ش ط ط,775,be unjust,Noun
1182,ه ج د,1541,to arise from sleep for prayer,Verb (form V)
1183,ص و ع,870,(the) cup,Noun
1184,ف ص ح,1134,(is) more eloquent,Noun
1185,ف ت أ,1100,to cease,Verb (form I)
1186,ر د أ,546,(as) a helper,Noun
1187,ب ي د,170,to be perished,Verb (form I)
1188,ه ي ل,1575,pouring down,Passive participle
1189,ه د د,1544,(in) devastation,Noun
1190,ص ك ك,852,to strike,Verb (form I)
1191,ك ث ب,1258,a heap of sand,Noun
1192,س ر د,679,the links (of armor),Noun
1193,ق ص م,1208,to shatter,Verb (form I)
1194,ث ب ي,197,(in) groups,Noun
1195,ك ل أ,1284,to protect,Verb (form I)
1196,ض ن ك,894,straitened,Adjective
1197,ل ز ب,1328,sticky,Active participle
1198,م ش ج,1397,a mixture,Adjective
1199,ر ص ص,559,joined firmly,Passive participle
1200,ص م ت,859,remain silent,Active participle
1201,د ر ي,469,to know,Verb (form I)
1202,ص ب و,821,to incline,Verb (form I)
1203,ف ز ز,1127,"to incite, to scare, to drive out",Verb (form X)
1204,خ ف ت,422,to be silent,Verb (form III)
1205,ل ف و,1341,to find,Verb (form IV)
1206,ص ر ص ر,835,furious,Adjective
1207,ص ف ح,845,to overlook,Verb (form I)
1208,د ر س,466,"to study, to learn",Verb (form I)
1209,ر أ س,521,your heads,Noun
1210,ع ر ش,974,erect,Noun
1211,ن و ق,1533,(is) a she-camel,Noun
1212,ر أ ف,522,pity for them,Nominal (Noun)
1213,ش ط ر,774,towards the direction,Location adverb
1214,ط م ن,927,"to be satisfied, to be secure, to be content",Verb (form XII)
1215,ر ق ب,575,they do not regard (the ties),Noun
1216,ع ص ف,994,forcefully,Active participle (Adjective)
1217,ث ل ث,206,(is the) third,Nominal (Noun)
1218,د ه ر,489,the time,Noun
1219,ب ز غ,121,rising,Active participle
1220,د خ ن,462,smoke,Noun
1221,ج ر د,236,and the locusts,Noun
1222,ت و ر,191,another time,Noun
1223,ح ف ف,340,to border,Verb (form I)
1224,ف ر د,1117,alone,Noun
1225,ع ن ت,1027,to put into difficulty,Verb (form IV)
1226,ب غ ض,144,the hatred,Noun
1227,ح ب ط,287,to become worthless,Verb (form I)
1228,س ب ط,652,and the descendants,Noun
1229,ر ص د,558,waiting,Noun
1230,و ف ق,1632,to cause reconciliation,Verb (form II)
1231,ك ل ب,1285,(of) the dog,Active participle (form II)
1232,م ر ر,1385,"to pass, to continue",Verb (form I)
1233,ط ي ن,938,[the] clay,Noun
1234,خ ط ب,418,address Me,Noun
1235,ك ن ن,1297,to conceal,Verb (form IV)
1236,ز ج و,613,drives,Passive participle (form IV)
1237,أ س س,42,to found,Verb (form II)
1238,ف خ ر,1111,like the pottery,Adjective
1239,أ د ي,25,"to discharge, to deliver",Verb (form II)
1240,ن ص ف,1478,then (give) half,Nominal (Noun)
1241,ب ر ج,111,display yourselves,Noun
1242,ح ب ل,289,to (the) rope,Noun
1243,ع ص ر,993,pressing,Verbal noun (form IV)
1244,ش ح ح,758,(by) greed,Nominal (Noun)
1245,ل ي ن,1365,"to deal gently, to relax",Verb (form I)
1246,خ ر ر,399,to fall,Verb (form I)
1247,م ه ل,1422,and allow them respite ,Noun
1248,ذ ر أ,505,"to create, to produce, to multiply",Verb (form I)
1249,س ح ت,665,lest He will destroy you,Noun
1250,ب و ل,168,(is the) case,Noun
1251,ه و ر,1569,to collapse,Verb (form VII)
1252,ذ ب ب,501,a fly,Noun
1253,ه م س,1564,a faint sound,Noun
1254,ج ث ث,223,to uproot,Verb (form VIII)
1255,ف ض و,1140,to go,Verb (form IV)
1256,ت ي ه,193,to wander,Verb (form I)
1257,ز ح ف,615,advancing,Noun
1258,ب ط أ,132,to lag behind,Verb (form II)
1259,ج ف و,252,to forsake,Verb (form I)
1260,خ ط ط,419,to write,Verb (form I)
1261,ف و ض,1163,to entrust,Verb (form II)
1262,ن ح ت,1447,to carve,Verb (form I)
1263,ب أ ر,91,and well,Noun
1264,ع ف ر,1006,a strong one,Noun
1265,ن ق ذ,1507,to save,Verb (form IV)
1266,ف د ي,1112,to ransom,Verb (form III)
1267,س ت ت,657,(of) sixty,Noun
1268,ب ط ر,133,which exulted,Noun
1269,ر ك س,583,"to cast back, to plunge",Verb (form IV)
1270,ح ن ج ر,358,the throats,Noun
1271,ك ي ن,1310,"to give in, to submit",Verb (form X)
1272,و ط أ,1623,"to step, to trod, to trample",Verb (form I)
1273,ع ر و,978,have seized you,Noun
1274,و ت ر,1583,will deprive you,Noun
1275,ص خ ر,825,the rocks,Noun
1276,ب ه م,164,the quadruped,Noun
1277,و ث ن,1586,the idols,Noun
1278,ش أ ن,753,any situation,Noun
1279,م ي ز,1431,"to sepearte, to distinguish, to stand apart",Verb (form I)
1280,ق ص و,1209,(the) farthest end,Adjective
1281,ق ف و,1221,"to send, to follow",Verb (form II)
1282,ح و ت,364,their fish,Noun
1283,ك م م,1292,their coverings,Noun
1284,ز خ ر ف,616,(with) decorative,Noun
1285,ج ر ح,235,you committed,Noun
1286,أ ف ف,50,uff,Noun
1287,ض ي ع,900,"to let go waste, to neglect",Verb (form IV)
1288,ل م م,1351,"to bring forward, to come",Verb (form I)
1289,و د ي,1599,the valleys,Noun
1290,ن و م,1534,your dream,Noun
1291,ح س س,319,"to inquire, to kill",Verb (form I)
1292,خ ض ر,415,[the] green ,Noun
1293,ح و ج,365,(it was) a need,Noun
1294,ص ب أ,815,and the Sabians ,Active participle
1295,ح د ق,299,gardens,Noun
1296,ع ث و,958,"to act wickedly, to commit evil",Verb (form I)
1297,غ ر ف,1056,to take,Verb (form VIII)
1298,س ح ق,667,so away with,Adjective
1299,ل م ح,1348,as a twinkling,Noun
1300,خ و ر,442,(had) a lowing sound,Verbal noun
1301,و ج ف,1590,to make expedition,Verb (form IV)
1302,م ح ن,1375,"to test, to examine",Verb (form VIII)
1303,ع ي ي,1047,to tire,Verb (form I)
1304,ج ذ ذ,232,(into) pieces,Passive participle
1305,ج ل ب,253,to raise,Verb (form IV)
1306,ر ع د,564,and thunder,Noun
1307,س ع د,690,to be glad,Verb (form I)
1308,ص ب ع,819,their fingers,Noun
1309,أ و ه,86,(was) compassionate,Noun
1310,ب و أ,165,"to incur, to turn back",Verb (form I)
1311,س ح ب,664,they will be dragged,Noun
1312,غ ن م,1085,you obtain (as) spoils of war,Noun
1313,ر ذ ل,551,(are) the lowest of us,Noun
1314,ي ب س,1655,dry,Active participle
1315,د ر ر,465,brilliant,Noun
1316,ن م ل,1522,the finger tips,Noun
1317,أ م د,68,"distance, time, term",Noun
1318,ط و ق,933,to afford,Verb (form IV)
1319,س م ن,725,it nourishes,Adjective
1320,و ر ق,1603,with this silver coin of yours,Noun
1321,ص ن و,865,trees (growing) from a single root,Noun
1322,ز و د,639,to take provision,Verb (form V)
1323,خ ب أ,382,the hidden,Noun
1324,ح ي ف,378,to be unjust,Verb (form I)
1325,س ك ت,706,to calm,Verb (form I)
1326,ل ح ن,1323,(the) tone,Noun
1327,ط ر ح,906,to cast,Verb (form I)
1328,ن ح ب,1446,his vow,Noun
1329,ر ك د,581,motionless,Noun
1330,ر د م,549,a barrier,Noun
1331,أ ذ ي,30,"ailment, trouble, hurt",Noun
1332,ب ث ث,96,to disperse,Verb (form I)
1333,ع ق د,1010,pledged,Noun
1334,م و ج,1425,to surge,Noun
1335,ط ف ق,916,to begin,Verb (form I)
1336,ف ت ر,1102,they slacken,Noun
1337,ق ر ع,1193,a disaster,Noun
1338,خ و ن,446,to deceive,Verb (form VIII)
1339,ع ف ف,1007,then he should refrain,Verbal noun (form V)
1340,ب ع ل,142,And their husbands,Noun
1341,و ب ل,1581,heavy rain,Noun
1342,ق و ت,1242,its sustenance,Active participle (form IV)
1343,س ر م د,685,continuous,Noun
1344,ث خ ن,199,"to battle, to subdue",Verb (form IV)
1345,خ ر د ل,398,a mustard,Noun
1346,ق ي ض,1248,"to appoint, to destine",Verb (form II)
1347,ش ع ب,777,columns,Noun
1348,م خ ر,1377,ploughing,Noun
1349,ط ر و,910,fresh,Adjective
1350,غ ي ض,1096,"to subside, to fall short",Verb (form I)
1351,ح ص د,325,you reap,Noun
1352,س ل ف,714,to pass (before),Verb (form I)
1353,ح ر ض,308,"to urge, to encourage",Verb (form II)
1354,ذ ر و,508,to scatter,Verb (form I)
1355,س ل ح,710,their arms,Noun
1356,ز ب د,608,a foam,Noun
1357,ل ه ث,1353,to loll the tongue,Verb (form I)
1358,ع و ق,1038,those who hinder,Active participle (form II)
1359,و أ ل,1578,an escape,Noun
1360,م ك و,1411,whistling,Verbal noun
1361,ب ق ع,148,the place even,Noun
1362,ج ر ع,239,to sip,Verb (form V)
1363,ث ب ط,196,to make lag behind,Verb (form II)
1364,ع م ق,1021,distant,Adjective
1365,ش ع ل,779,to flare,Verb (form VIII)
1366,م خ ض,1378,the pains of childbirth,Noun
1367,ف ر ث,1114,bowels,Noun
1368,ط و د,929,like the mountain,Noun
1369,ش ر ط,768,its indications,Noun
1370,د س س,471,to bury,Verb (form I)
1371,ف ه م,1158,to give understanding,Verb (form II)
1372,ص ع ر,841,to turn,Verb (form II)
1373,ض م ر,892,lean camel,Active participle
1374,ح ب ر,285,will be delighted,Noun
1375,ز ي ت,642,its oil,Noun
1376,م ك ث,1408,"to stay, to remain",Verb (form I)
1377,د م ع,484,the tears,Noun
1378,ك س ل,1272,lazily,Noun
1379,م ط ر,1402,And We showered,Noun
1380,ه ز م,1553,to defeat,Verb (form I)
1381,ب ر ح,112,"to leave, to cease",Verb (form I)
1382,م أ ي,1366,(for) a hundred,Noun
1383,س ي ل,751,to flow,Verb (form I)
1384,ز ي ل,645,to cease,Verb (form I)
1385,د ك ك,478,and crushed,Verbal noun
1386,ج ب ه,221,their foreheads,Noun
1387,ص ر ع,837,fallen,Noun
1388,ع ط ف,1002,his neck,Noun
1389,ق ص ف,1207,a hurricane,Active participle
1390,ح ن ذ,359,roasted,Adjective
1391,ض ف د ع,890,and the frogs,Noun
1392,آزَر,2,Azar,Proper noun
1393,ج و و,280,the midst,Noun
1394,ق م ل,1233,and the lice,Noun
1395,ن ت ق,1440,to raise,Verb (form I)
1396,ك و ي,1306,to brand,Verb (form I)
1397,ح س م,320,(in) succession,Adjective
1398,ح ن ك,361,to destroy,Verb (form VIII)
1399,أ س ف,43,sorrowful,Noun
1400,ب ه ت,161,"to be bewildered, to be dumbfounded",Verb (form I)
1401,س ب غ,654,to bestow,Verb (form IV)
1402,ع ث ر,957,to discover,Verb (form I)
1403,ز ح ز ح,614,is drawn away,Active participle (form II)
1404,خ ر ب,396,they destroyed,Noun
1405,ح ج ز,295,a barrier,Noun
1406,ح ط ط,333,Repentance,Noun
1407,س ك ر,707,have been dazzled,Noun
1408,ب ي ض,171,would become white,Nominal (Adjective)
1409,ي أ س,1654,to despair,Verb (form I)
1410,ع و م,1040,year(s),Noun
1411,ط و ل,934,"Then, did seem long",Noun
1412,س ر ح,678,to release,Verb (form II)
1413,د و ر,494,to carry out,Verb (form IV)
1414,ه ي أ,1572,and facilitate,Noun
1415,م ل ل,1416,to dictate,Verb (form IV)
1416,س ف ك,697,to shed,Verb (form I)
1417,ك ل و,1290,both of them,Noun
1418,ظ ف ر,940,He gave you victory,Noun
1419,ع ي ل,1045,poverty,Noun
1420,خ ص ف,412,to fasten,Verb (form I)
1421,ع ر ر,973,and the needy who ask,Noun
1422,ح و ي,372,dark,Noun
1423,و س ط,1608,Then penetrate (in the) center,Adjective
1424,ك م ل,1291,"to perfect, to complete",Verb (form IV)
1425,ط ل ب,918,to seek,Verb (form I)
1426,ز ه ر,636,(the) splendor,Noun
1427,ر ي ش,605,and (as) an adornment,Noun
1428,س ي ب,748,a Saibah,Active participle
1429,ف ر ع,1122,and its branches,Noun
1430,أ ي م,89,the single,Noun
1431,ف ق ع,1146,bright,Active participle
1432,د ل ك,479,at the decline,Verbal noun
1433,م ح ل,1374,(in) Strength,Verbal noun
1434,ص ي ص,876,their fortresses,Noun
1435,ح و ب,363,a sin,Noun
1436,أ ث ل,15,tamarisk,Noun
1437,ن و ي,1536,and the date-seed,Noun
1438,ع ر م,977,(of) the dam,Noun
1439,ش غ ف,780,to impassion,Verb (form I)
1440,ن و ن,1535,And Dhun-Nun,Noun
1441,خ م ط,438,bitter,Adjective
1442,س ح ل,668,on the bank,Noun
1443,س و د,739,and would become black,Adjective
1444,غ ر و,1059,"to overpower, to arouse",Verb (form IV)
1445,ه ش م,1555,dry stalks,Noun
1446,ه ر ع,1549,"to rush, to hasten",Verb (form I)
1447,د و ل,495,to alternate,Verb (form III)
1448,خ ب ل,388,(any) ruin,Noun
1449,ب ن ن,159,fingertip[s],Noun
1450,أ س ر,40,"captive, prisoner of war",Noun
1451,خ و ل,445,We bestowed (on) you,Noun
1452,ر ه ن,597,then pledge,Noun
1453,ج ل و,257,to reveal,Verb (form I)
1454,ث ي ب,214,previously married,Adjective
1455,ل ح ي,1324,by my beard,Noun
1456,ر ت ق,531,a joined entity,Noun
1457,ح و ز,368,(to) join,Active participle (form V)
1458,ج ف ن,251,and bowls,Noun
1459,ف ت ق,1103,to part,Verb (form I)
1460,ن ع ق,1490,to shout,Verb (form I)
1461,أ ل ت,55,to deprive,Verb (form I)
1462,ه ي ج,1574,"to wither, to dry",Verb (form I)
1463,ر ط ب,562,moist,Noun
1464,أ ث ث,13,"furnishings, possessions, wealth",Noun
1465,ع ج ف,961,lean ones,Adjective
1466,ع ض ض,999,to bite,Verb (form I)
1467,ل م س,1350,"to touch, to have contact",Verb (form I)
1468,أ ب ل,8,camels,Noun
1469,ح ف و,341,and press you,Noun
1470,م ر أ,1381,an evil man,Noun
1471,ك ل ف,1287,to burden,Verb (form II)
1472,ب ع ر,140,(of) a camel's (load),Noun
1473,ر م د,589,(are) like ashes,Noun
1474,ج م د,259,firmly fixed,Active participle
1475,ت ق ن,186,to perfect,Verb (form IV)
1476,ب ل ع,156,to swallow,Verb (form I)
1477,و ك د,1643,their confirmation,Verbal noun (form II)
1478,ن ك د,1516,(with) difficulty,Noun
1479,ر د ي,550,lest you perish,Active participle (form V)
1480,ح ف د,337,and grandsons,Noun
1481,ج و س,277,to enter,Verb (form I)
1482,و ط ن,1625,regions,Noun
1483,ع ي ب,1042,to cause defect,Verb (form I)
1484,غ ص ب,1065,(by) force,Noun
1485,ش ك س,790,quarreling,Active participle (form VI)
1486,ش م ز,796,to shrink with aversion,Verb (form VIII)
1487,ق ل ع,1224,to withhold,Verb (form IV)
1488,ي ق ظ,1659,awake,Noun
1489,ص ي د,874,to hunt,Verb (form VIII)
1490,س د س,673,the sixth of them,Noun
1491,ر م ن,592,and the pomegranates,Noun
1492,ر ي ب,604,to doubt,Verb (form VIII)
1493,ب س ل,126,to give up to destruction,Verb (form IV)
1494,ن ك ص,1519,to turn,Verb (form I)
1495,ع ز ب,980,to escape,Verb (form I)
1496,ج ز ع,244,"to show intolerance, to be perturbed",Verb (form I)
1497,ش و ي,809,to scald,Verb (form I)
1498,أ ص ر,48,"burden, covenant",Noun
1499,أَمْس,70,"yesterday, the previous day",Noun
1500,م س ح,1391,to wipe,Verb (form I)
1501,غ س ل,1063,to bathe,Verb (form VIII)
1502,و ش ي,1615,blemish,Noun
1503,ج ب ت,217,in the superstition,Noun
1504,ع و ل,1039,to oppress,Verb (form I)
1505,ف ص م,1136,(will) break,Verbal noun (form VII)
1506,غ ل ق,1076,to close,Verb (form II)
1507,ه ي ت,1573,to Come on,Verb (form I)
1508,ع ض ل,1000,"to hinder, to constrain",Verb (form I)
1509,ح و ش,369,Forbid,Noun
1510,ش ي د,813,lofty,Passive participle (form II)
1511,ج و ز,276,"to cross, to pass beyond",Verb (form III)
1512,ش ر ع,769,He has ordained,Noun
1513,ك ر س,1266,His Throne,Noun
1514,ن س أ,1461,his staff,Noun
1515,ح و ذ,366,"to overcome, to have advantage",Verb (form X)
1516,ز م ر,630,(in) groups,Noun
1517,غ و ر,1088,the cave,Noun
1518,و ط ر,1624,necessary (formalities),Noun
1519,ر م ح,588,and your spears,Noun
1520,ذ ه ل,517,to forget,Verb (form I)
1521,ن ض ج,1480,to roast,Verb (form I)
1522,ش و ك,808,(of) the armed,Noun
1523,ن و أ,1527,to burden,Verb (form I)
1524,ش ن أ,799,(the) hatred,Noun
1525,خ ي ط,450,(of) the needle,Noun
1526,ج ز أ,243,a portion,Noun
1527,ع م م,1023,(of) your paternal uncles,Noun
1528,و د ق,1598,the rain,Noun
1529,س ن د,728,propped up,Passive participle (form II)
1530,خ ش ب,408,pieces of wood,Noun
1531,ب ه ل,163,to pray humbly,Verb (form VIII)
1532,ش ح م,759,their fat,Noun
1533,ح ص ح ص,324,to become manifest,Verb (form I)
1534,ض ه أ,896,to imitate,Verb (form III)
1535,ن ج س,1443,(are) unclean,Noun
1536,ج ر ف,240,(of) a cliff,Noun
1537,غ م ض,1083,to close,Verb (form IV)
1538,س ل ب,709,to snatch away,Verb (form I)
1539,ن غ ض,1493,to shake,Verb (form IV)
1540,و ج ب,1587,to be down,Verb (form I)
1541,ق ض ض,1211,to collapse,Verb (form VII)
1542,ب ت ك,94,to cut off,Verb (form II)
1543,م ج س,1371,and the Magians,Passive participle
1544,ر م ز,590,(with) gestures,Verbal noun
1545,ج ذ و,234,a burning wood,Noun
1546,خ ت ر,390,traitor,Adjective
1547,ب س م,127,to smile,Verb (form V)
1548,ق س ط,1199,you will be able to do justice,Noun
1549,م ص ر,1399,in Egypt,Nominal (Noun)
1550,ح ف ر,338,the former state,Noun
1551,ش ف و,785,(the) brink,Noun
1552,م ل ق,1414,poverty,Verbal noun (form IV)
1553,ظ م أ,943,will suffer from thirst,Noun
1554,ق ل د,1223,the garlanded,Noun
1555,غ م ر,1081,agonies,Noun
1556,ز ج ج,611,a glass,Noun
1557,ل ي ت,1362,to deprive,Verb (form I)
1558,ق س س,1198,(are) priests,Noun
1559,م ع ز,1404,the goats,Noun
1560,ض أ ن,878,the sheep,Noun
1561,ح ق ف,343,in the Al-Ahqaf ,Proper noun
1562,خ ب و,389,to subside,Verb (form I)
1563,ج و ف,279,his interior,Noun
1564,ذ و د,518,to keep back,Verb (form I)
1565,س ف ح,694,poured forth,Active participle (form III)
1566,أ و د,84,to tire,Verb (form I)
1567,و س ن,1613,slumber,Noun
1568,ع ز ر,981,"to honour, to assist",Verb (form II)
1569,ن ق ب,1506,so they explored,Noun
1570,ج س م,248,and [the] physique,Noun
1571,س ه ل,734,its plains,Noun
1572,ب ح ث,98,"to search, to scratch",Verb (form I)
1573,ز ر ي,619,to look down,Verb (form VIII)
1574,ف ظ ظ,1142,rude,Noun
1575,ص و ف,871,their wool,Noun
1576,ظ ع ن,939,(of) your travel,Noun
1577,و ب ر,1579,and their fur,Noun
1578,ح ص ر,326,"to hold back, to wrap up",Verb (form IV)
1579,أ م و,76,And a bondwoman,Noun
1580,ش و ر,806,and consult them,Verbal noun (form VI)
1581,ل ح ف,1320,with importunity,Verbal noun (form IV)
1582,ف ج و,1109,the open space,Noun
1583,ن ف ي,1505,to exile,Verb (form I)
1584,ل و ذ,1358,under shelter,Noun
1585,م ي ر,1430,to get provision,Verb (form I)
1586,خ ب ز,386,bread,Noun
1587,ق ط م ر,1217,(as much as) the membrane of a date-seed,Noun
1588,د ن ر,487,with a single coin,Noun
1589,غ ب ن,1049,(of) mutual loss and gain,Verbal noun (form VI)
1590,ب ر ص,116,and the leper,Noun
1591,ك م ه,1293,the blind,Noun
1592,ط ع ن,912,and defame,Noun
1593,ح م ر,353,your donkey,Noun
1594,ك ع ب,1277,the ankles,Noun
1595,ط ف ل,917,(as) a child,Noun
1596,ذ ي ع,520,to spread,Verb (form IV)
1597,ن ب ط,1438,to draw correct conclusion,Verb (form X)
1598,غ ز ل,1060,her spun yarn,Noun
1599,س ر د ق,680,its walls,Noun
1600,ط ف أ,914,"to extinguish, to put out",Verb (form IV)
1601,غ و ط,1090,the toilet,Noun
1602,ط ل ل,922,then a drizzle,Noun
1603,و ك ز,1644,to strike,Verb (form I)
1604,ر غ م,568,place(s) of refuge ,Passive participle (form III)
1605,خ و ي,447,(had) overturned,Active participle (Noun)
1606,ك س و,1273,"to clothe, to cover",Verb (form I)
1607,ن ش ز,1472,to raise,Verb (form IV)
1608,غ ل و,1079,to exceed,Verb (form I)
1609,س ط و,689,to attack,Verb (form I)
1610,ج ل س,255,the assemblies,Noun
1611,ج س س,247,to spy,Verb (form V)
1612,ن ب ز,1437,to call,Verb (form VI)
1613,ل ق ب,1342,by nicknames,Noun
1614,ب ي ع,172,to make commercial transaction,Verb (form VI)
1615,ر س خ,553,And those firm,Active participle
1616,ح ب س,286,to detain,Verb (form I)
1617,ق ش ع ر,1203,to shiver,Verb (form IV)
1618,م ض غ,1400,an embryonic lump,Noun
1619,ب ه ج,162,of beauty (and delight),Adjective
1620,ص غ ر,843,smaller,Noun
1621,ع و ر,1037,private aspects,Noun
1622,غ ز و,1061,fighting,Noun
1623,ح ث ث,291,rapidly,Noun
1624,ه م ن,1566,the Guardian,Active participle (form II) (Noun)
1625,س ل ق,715,to smite,Verb (form I)
1626,خ د ن,394,secret lovers,Noun
1627,ض ج ع,880,their places of death,Noun
1628,ك س د,1270,a decline (in) it,Noun
1629,ح ل ق,347,to shave,Verb (form I)
1630,ه د م,1545,to demolish,Verb (form II)
1631,ص م ع,861,monasteries,Noun
1632,ب د ر,104,and hastily,Verbal noun (form III)
1633,ر ف ث,570,(is) the approach,Noun
1634,ذ خ ر,504,to store,Verb (form VIII)
1635,ص ل د,855,bare,Noun
1636,ح ي ر,375,confused,Noun
1637,ج ي ب,282,their bosoms,Noun
1638,ج ر ر,237,to drag,Verb (form I)
1639,م ع ي,1406,their intestines,Noun
1640,خ ب ط,387,to confound,Verb (form V)
1641,أ س ن,45,polluted,Active participle
1642,ش م ت,794,to rejoice,Verb (form IV)
1643,ع س ل,988,honey,Noun
1644,خ م ص,437,hunger,Noun
1645,ز ل م,629,by divining arrows ,Noun
1646,ب ج س,97,"to gush, to flow",Verb (form VII)
1647,ق ن و,1238,clusters of dates,Noun
1648,ي ن ع,1663,and its ripening,Noun
1649,ج ف أ,250,(as) scum,Noun
1650,ن ع س,1489,slumber,Noun
1651,ب خ س,100,"to diminish, to deprive",Verb (form I)
1652,ن ه ج,1524,and a clear way,Noun
1653,ع د س,965,[and] its lentils,Noun
1654,ق ث أ,1177,[and] its cucumbers,Noun
1655,ب ق ل,149,its herbs,Noun
1656,ف و م,1165,[and] its garlic,Noun
1657,ب ص ل,130,and its onions,Noun
1658,ن ط ح,1484,and that which is gored by horns,Noun
1659,ه م د,1561,barren,Active participle
1660,و ق ذ,1637,and that which is hit fatally,Passive participle
1661,ذ ك و,512,to slaughter,Verb (form II)
1662,خ ن ق,441,and that which is strangled (to death),Active participle (form VII)
1663,س ن ه,731,to change with time,Verb (form V)
1664,س أ م,648,to tire,Verb (form I)
